Name,Age,Hometown,Job,Eliminated,Season,Bachelor,Bachelor Age,Bachelor_Hometown
Amanda Marsh,23,"Chanute, Kansas",Event Planner,Winner,1,Alex Michel,32,"Charlottesville, Virginia"
Trista Rehn,29,"Miami, Florida",Miami Heat Dancer,Runner-Up,1,Alex Michel,32,"Charlottesville, Virginia"
Shannon Oliver,24,"Dallas, Texas",Financial Management Consultant,Week 5,1,Alex Michel,32,"Charlottesville, Virginia"
Kim,24,"Tempe, Arizona",Nanny,Week 4,1,Alex Michel,32,"Charlottesville, Virginia"
Cathy Grimes,22,"Terra Haute, Indiana",Graduate Student,Week 3,1,Alex Michel,32,"Charlottesville, Virginia"
Christina,28,"Bonita, California",Attorney,Week 3,1,Alex Michel,32,"Charlottesville, Virginia"
LaNease Adams,23,"Los Angeles, California",Actress,Week 3,1,Alex Michel,32,"Charlottesville, Virginia"
Rhonda,28,"Woodward, Oklahoma",Commercial Real Estate Agent,Week 3,1,Alex Michel,32,"Charlottesville, Virginia"
Alexa,27,"Beverly Hills, California",Special Ed. Teacher,Week 2,1,Alex Michel,32,"Charlottesville, Virginia"
Amy,28,"New York, New York",Production Coordinator,Week 2,1,Alex Michel,32,"Charlottesville, Virginia"
Angela,25,"Avondale, Arizona",Hooters Waitress,Week 2,1,Alex Michel,32,"Charlottesville, Virginia"
Angelique,27,"Burbank, California",Actress,Week 2,1,Alex Michel,32,"Charlottesville, Virginia"
Katie,23,"Malden, Massachusetts",Power Tool Sales Rep.,Week 2,1,Alex Michel,32,"Charlottesville, Virginia"
Melissa,25,"Tempe, Arizona",Photographer,Week 2,1,Alex Michel,32,"Charlottesville, Virginia"
Tina,27,"Plano, Texas",Graduate Student,Week 2,1,Alex Michel,32,"Charlottesville, Virginia"
Amber,29,"Los Angeles, California",Business Development Director,Week 1,1,Alex Michel,32,"Charlottesville, Virginia"
Daniela,30,"Seattle, Washington",Neuropsychologist,Week 1,1,Alex Michel,32,"Charlottesville, Virginia"
Denise,30,"Honolulu, Hawaii",Doctor,Week 1,1,Alex Michel,32,"Charlottesville, Virginia"
Jackie,22,"Pittsburgh, Pennsylvania",Bar Manager,Week 1,1,Alex Michel,32,"Charlottesville, Virginia"
Jill,31,"Chicago, Illinois",Retail Manager,Week 1,1,Alex Michel,32,"Charlottesville, Virginia"
Kristina,27,"Los Angeles, California",Advertising Executive,Week 1,1,Alex Michel,32,"Charlottesville, Virginia"
Lisa,29,"Dallas, Texas",Attorney,Week 1,1,Alex Michel,32,"Charlottesville, Virginia"
Paula,24,"Swansea, Massachusetts",Insurance Representative,Week 1,1,Alex Michel,32,"Charlottesville, Virginia"
Rachel,29,"Eastchester, New York",6th Grade Teacher,Week 1,1,Alex Michel,32,"Charlottesville, Virginia"
Wendi,26,"Dallas, Texas",Technology Specialist,Week 1,1,Alex Michel,32,"Charlottesville, Virginia"
Helene Eksterowicz,27,"Gloucester, New Jersey[disambiguation needed]",School Psychologist,Winner,2,Aaron Buerge,28,"Butler, Missouri"
Brooke Smith,22,"Albertville, Alabama",College Student,Runner-Up,2,Aaron Buerge,28,"Butler, Missouri"
Gwen Gioia,31,"Philadelphia, Pennsylvania",Executive Recruiter,Week 6,2,Aaron Buerge,28,"Butler, Missouri"
Angela,27,"Kansas City, Missouri",Registered Nurse,Week 5,2,Aaron Buerge,28,"Butler, Missouri"
Hayley,28,"Lake Oswego, Oregon",Retail Manager,Week 4,2,Aaron Buerge,28,"Butler, Missouri"
Heather Crawford,30,"Dallas, Texas",Flight Attendant,Week 4,2,Aaron Buerge,28,"Butler, Missouri"
Christi,23,"Boise, Idaho",Assistant Financial Advisor,Week 3,2,Aaron Buerge,28,"Butler, Missouri"
Heather,24,"Walnut Creek, California",Marriage Therapy Trainee,Week 3,2,Aaron Buerge,28,"Butler, Missouri"
Kyla,22,"Midvale, Utah",Airline Supervisor,Week 3,2,Aaron Buerge,28,"Butler, Missouri"
Shannon,26,"Long Island, New York",Graphic Artist,Week 3,2,Aaron Buerge,28,"Butler, Missouri"
Dana,24,"Beverly Hills, California",Radio Sales,Week 2,2,Aaron Buerge,28,"Butler, Missouri"
Erin,25,"Westchester, Pennsylvania",Publications Quality Control,Week 2,2,Aaron Buerge,28,"Butler, Missouri"
Suzanne,33,"Redondo Beach, California",Flight Attendant,Week 2,2,Aaron Buerge,28,"Butler, Missouri"
Frances,30,"San Francisco, California",Strategic Planning Analyst,Week 2 (Quit),2,Aaron Buerge,28,"Butler, Missouri"
Anindita,27,"New York, New York",Attorney,Week 2 (Quit),2,Aaron Buerge,28,"Butler, Missouri"
Amber,26,"Chapel Hill, North Carolina",Psychologist,Week 1,2,Aaron Buerge,28,"Butler, Missouri"
Camille,29,"Los Angeles, California",Actress,Week 1,2,Aaron Buerge,28,"Butler, Missouri"
Cari,29,"Granite City, Illinois",3rd Grade Teacher,Week 1,2,Aaron Buerge,28,"Butler, Missouri"
Christy,24,"Avondale, Arizona",Radiological Technologist,Week 1,2,Aaron Buerge,28,"Butler, Missouri"
Erin,24,"Houston, Texas",Interior Designer,Week 1,2,Aaron Buerge,28,"Butler, Missouri"
Fatima,22,"Long Beach, California",College Student,Week 1,2,Aaron Buerge,28,"Butler, Missouri"
Liangy,30,"Coral Gables, Florida",Paralegal,Week 1,2,Aaron Buerge,28,"Butler, Missouri"
Lori,26,"Dallas, Texas",Former NBA Cheerleader,Week 1,2,Aaron Buerge,28,"Butler, Missouri"
Merrilee,28,"Forked River, New Jersey",1st Grade Teacher,Week 1,2,Aaron Buerge,28,"Butler, Missouri"
Suzi,28,"Richmond, Virginia",Communications Specialist,Week 1,2,Aaron Buerge,28,"Butler, Missouri"
Jessica Bowlin,22,"Huntington Beach, California",Student,Winner,5,Jesse Palmer,34,"Toronto, Ontario"
Tara Huckeby,23,"Shawnee, Oklahoma",General contractor,Week 7,5,Jesse Palmer,34,"Toronto, Ontario"
Mandy Jaye Jeffreys,26,"Midland, Texas",Designer for an architect firm,Week 6,5,Jesse Palmer,34,"Toronto, Ontario"
Trish Schneider,28,"Atlanta, Georgia",Model,Week 5,5,Jesse Palmer,34,"Toronto, Ontario"
Suzie Williams,23,"Ann Arbor, Michigan",Prosthetic technician,Week 4,5,Jesse Palmer,34,"Toronto, Ontario"
Karen Lindsay,28,"Pleasant Grove, Utah",Pharmaceutical sales,Week 4,5,Jesse Palmer,34,"Toronto, Ontario"
Jessica Holcomb,25,"Pearsall, Texas",Attorney,Week 3,5,Jesse Palmer,34,"Toronto, Ontario"
Julie Durda,24,"Sacramento, California",Professional Cheerleader,Week 3,5,Jesse Palmer,34,"Toronto, Ontario"
Jenny De Schiralli,26,"Carrboro, North Carolina",Swim instructor/nanny/personal trainer,Week 3,5,Jesse Palmer,34,"Toronto, Ontario"
Katie Gehart,22,"Scottsdale, Arizona",LASIK Eye and Skin Center manager,Week 3,5,Jesse Palmer,34,"Toronto, Ontario"
Jean-Marie Callahan,26,"Gibson, North Carolina",Hair stylist,Week 2,5,Jesse Palmer,34,"Toronto, Ontario"
Debbie Merkett,27,"Pinetops, North Carolina",Massage therapist/bartender,Week 2,5,Jesse Palmer,34,"Toronto, Ontario"
Anne-Catherine Labb√©,27,"Quebec City, Quebec",Model/make-up artist,Week 2,5,Jesse Palmer,34,"Toronto, Ontario"
Amber LaRoux,27,"Sunriver, Oregon",Consultant,Week 2,5,Jesse Palmer,34,"Toronto, Ontario"
Mandy Clemens,25,"San Diego, California",Professional soccer player,Week 2,5,Jesse Palmer,34,"Toronto, Ontario"
Kristy Romero,25,"Dearborn, Michigan",Student,Week 2,5,Jesse Palmer,34,"Toronto, Ontario"
Celeste Creel,24,"Ithaca, New York",Model/executive assistant,Week 2,5,Jesse Palmer,34,"Toronto, Ontario"
Jenny Matthews,24,"Canton, Michigan",Retail manager,Week 2,5,Jesse Palmer,34,"Toronto, Ontario"
Dolores Farburg,26,"Madison, New Jersey",Account manager,Week 1,5,Jesse Palmer,34,"Toronto, Ontario"
Francine Jones,25,"Houston, Texas",Retail manager,Week 1,5,Jesse Palmer,34,"Toronto, Ontario"
DeShaun Warner,25,"Phillipsburg, New Jersey",Account manager/sales,Week 1,5,Jesse Palmer,34,"Toronto, Ontario"
Jessica Kyron,21,"Cincinnati, Ohio",Student,Week 1,5,Jesse Palmer,34,"Toronto, Ontario"
Holly Reeder,26,"Tulsa, Oklahoma",Bank representative,Week 1,5,Jesse Palmer,34,"Toronto, Ontario"
Rachel Clementi,26,"Buffalo, New York",Fashion public relations manager,Week 1,5,Jesse Palmer,34,"Toronto, Ontario"
Kristin Clearwater,25,"Sausalito, California",Singer,Week 1,5,Jesse Palmer,34,"Toronto, Ontario"
Jennifer Wilson,24,"Pembroke Pines, Florida",Teacher,Winner,9,Lorenzo Borghese,34,"Milan, Italy"
Sadie Murray,23,"Carlsbad, California",Publicist,Week 7,9,Lorenzo Borghese,34,"Milan, Italy"
Lisa Blank,25,"Portland, Oregon",Marketing manager,Week 6,9,Lorenzo Borghese,34,"Milan, Italy"
Agnese Polliza,24,"Venice, Italy",Student,Week 5,9,Lorenzo Borghese,34,"Milan, Italy"
Jeanette Pawula,23,"Bloomingdale, Illinois",Teacher,Week 4,9,Lorenzo Borghese,34,"Milan, Italy"
Desiree Valentin,22,"Salt Lake City, Utah",Realtor,Week 4,9,Lorenzo Borghese,34,"Milan, Italy"
Jami Matzke,27,"Galveston, Texas",Event planner,Week 3,9,Lorenzo Borghese,34,"Milan, Italy"
Gina Clark,28,"Chicago, Illinois",Ultrasound technician,Week 3,9,Lorenzo Borghese,34,"Milan, Italy"
Erica Rose,23,"Houston, Texas",Socialite,Week 3,9,Lorenzo Borghese,34,"Milan, Italy"
Sarah Schnare,30,"Nelson, British Columbia",Journalist,Week 2,9,Lorenzo Borghese,34,"Milan, Italy"
Kim Jackson,27,"Newport Beach, California",Interior designer,Week 2,9,Lorenzo Borghese,34,"Milan, Italy"
Ellen DeMaio,30,"New Haven, Connecticut",Realtor,Week 2,9,Lorenzo Borghese,34,"Milan, Italy"
Tara Durr,24,"St. Augustine, Florida",Realtor,Week 1,9,Lorenzo Borghese,34,"Milan, Italy"
Rosella Fratto,27,"Chicago, Illinois",Make-up artist,Week 1,9,Lorenzo Borghese,34,"Milan, Italy"
Rita Ghazal,29,"Richmond, VA",Policy advisor,Week 1,9,Lorenzo Borghese,34,"Milan, Italy"
Renee Snell,30,"Baltimore, MD",Broadcast marketer,Week 1,9,Lorenzo Borghese,34,"Milan, Italy"
Meri Barr,27,"Biloxi, MS",Attorney,Week 1,9,Lorenzo Borghese,34,"Milan, Italy"
Laura Morgan,29,"San Diego, CA",Dolphin trainer,Week 1,9,Lorenzo Borghese,34,"Milan, Italy"
Jessica Horner,25,"Charlotte, NC",Assistant buyer,Week 1,9,Lorenzo Borghese,34,"Milan, Italy"
Heather Sneed,34,"Aliquippa, PA",Registered nurse,Week 1,9,Lorenzo Borghese,34,"Milan, Italy"
Elyse Hammer,27,"New York, NY",Physician,Week 1,9,Lorenzo Borghese,34,"Milan, Italy"
Cosetta Blanca,,Italy,Dancer,Week 1,9,Lorenzo Borghese,34,"Milan, Italy"
Claudia Gismondi,22,"Boca Raton, FL",Restaurateur,Week 1,9,Lorenzo Borghese,34,"Milan, Italy"
Carissa Ilburg,25,"Cattaraugus, NY",Attorney,Week 1,9,Lorenzo Borghese,34,"Milan, Italy"
Britt (Bowe) Newton,28,"Columbus, OH",Beer chemist,Week 1,9,Lorenzo Borghese,34,"Milan, Italy"
Andrea Shirley,28,"Cincinnati, OH",Hotel concierge,Week 1,9,Lorenzo Borghese,34,"Milan, Italy"
April Jacobs,23,"Chicago, IL",Model,Week 1,9,Lorenzo Borghese,34,"Milan, Italy"
Tessa Horst,26,"San Francisco, California",Social Worker,Winner,10,Andy Baldwin,30,"Lancaster, Pennsylvania"
Bevin Nicole Powers,28,"Palo Alto, California",Assistant,Week 8,10,Andy Baldwin,30,"Lancaster, Pennsylvania"
Danielle Imwalle,25,"Bethel, Connecticut",Graphic Designer,Week 7,10,Andy Baldwin,30,"Lancaster, Pennsylvania"
Amber Alchalabi,23,"Sugar Land, Texas",Teacher,Week 6,10,Andy Baldwin,30,"Lancaster, Pennsylvania"
Stephanie Wilhite,23,"Overland Park, Kansas",Project Manager,Week 5,10,Andy Baldwin,30,"Lancaster, Pennsylvania"
Tina Wu,26,"Los Angeles, California",Medical student,Week 5,10,Andy Baldwin,30,"Lancaster, Pennsylvania"
Kate Brockhouse,24,"Ravenel, South Carolina",Boutique owner,Week 4,10,Andy Baldwin,30,"Lancaster, Pennsylvania"
Nicole Clary,26,"Charleston, SC",Sales Manager,Week 4,10,Andy Baldwin,30,"Lancaster, Pennsylvania"
Stephanie Tipper,27,"Folly Beach, SC",Organ donor coordinator,Week 4,10,Andy Baldwin,30,"Lancaster, Pennsylvania"
Amanda Hackney,26,"Dallas, TX",Financial analyst,Week 3,10,Andy Baldwin,30,"Lancaster, Pennsylvania"
Erin Parker,24,"Logansport, LA",Financial analyst,Week 3,10,Andy Baldwin,30,"Lancaster, Pennsylvania"
Peyton Wright,24,"La Vergne, Tennessee",Sorority recruiter,Week 3,10,Andy Baldwin,30,"Lancaster, Pennsylvania"
Alexis Young,26,"Southlake, TX",Attorney,Week 2,10,Andy Baldwin,30,"Lancaster, Pennsylvania"
Susan Anderson,23,"The Woodlands, TX",Boutique manager,Week 2,10,Andy Baldwin,30,"Lancaster, Pennsylvania"
Tiffany Warren,28,"Boston, MA",Medical equipment sales rep,Week 2,10,Andy Baldwin,30,"Lancaster, Pennsylvania"
Blakeney Rowe,29,"Birmingham, AL",Radio sales,Week 1,10,Andy Baldwin,30,"Lancaster, Pennsylvania"
Candace DeCost,23,"Hilton Head Island, SC",Waitress,Week 1,10,Andy Baldwin,30,"Lancaster, Pennsylvania"
Catherine Warren,23,"Lake Forest, IL",Former Miss Illinois,Week 1,10,Andy Baldwin,30,"Lancaster, Pennsylvania"
Danielle Vallis,26,"Bronx, NY",Attorney,Week 1,10,Andy Baldwin,30,"Lancaster, Pennsylvania"
Jackie Topelli,23,"Minneapolis, MN",Executive coordinator,Week 1,10,Andy Baldwin,30,"Lancaster, Pennsylvania"
Jeanette Alvarez,27,"Tampa, FL",Health care manager,Week 1,10,Andy Baldwin,30,"Lancaster, Pennsylvania"
Jessica Devallo,32,"New York, NY",Hedge fund analyst,Week 1,10,Andy Baldwin,30,"Lancaster, Pennsylvania"
Linda Malek,33,"Cuyahoga Falls, OH",Attorney,Week 1,10,Andy Baldwin,30,"Lancaster, Pennsylvania"
Lindsay Smith,22,"Lawrence, KS",Student,Week 1,10,Andy Baldwin,30,"Lancaster, Pennsylvania"
Tiffany Forester,27,"St. Louis Park, MN",Real estate sales/development,Week 1,10,Andy Baldwin,30,"Lancaster, Pennsylvania"
Deanna Pappas[1],25,"Newnan, Georgia",Realtor,Week 8,11,Brad Womack,35,"Austin, Texas"
Jenni Croft,27,"Wichita, Kansas",Phoenix Suns Cheerleader,Week 8,11,Brad Womack,35,"Austin, Texas"
Bettina Bell[2],27,"Washington, D.C.",Realtor,Week 7,11,Brad Womack,35,"Austin, Texas"
Sheena Stewart[3],23,"Walnut Creek, California",Internet marketing executive,Week 6,11,Brad Womack,35,"Austin, Texas"
Hillary Reisinger[4],27,"Philadelphia, Pennsylvania",Registered nurse,Week 5,11,Brad Womack,35,"Austin, Texas"
Kristy Katzmann[5],29,"Gurnee, Illinois",Acupuncturist,Week 5,11,Brad Womack,35,"Austin, Texas"
"Estefania ""Stephy"" Kootz",26,"Atlanta, Georgia",Executive assistant,Week 4,11,Brad Womack,35,"Austin, Texas"
Jade Beazley[6],24,"Nashville, Tennessee",Boutique sales worker,Week 4,11,Brad Womack,35,"Austin, Texas"
McCarten Delaney[7][8],26,"Lemon Grove, California",Account manager,Week 4,11,Brad Womack,35,"Austin, Texas"
Lindsey Hawkins,25,"Livonia, Michigan",Model,Week 3,11,Brad Womack,35,"Austin, Texas"
Sarah Newlon,23,"O'Fallon, Illinois",Bar manager,Week 3,11,Brad Womack,35,"Austin, Texas"
Solisa Shoop[9],25,"Georgetown, Texas",Esthetician,Week 3,11,Brad Womack,35,"Austin, Texas"
Michele Leavy[10],30,"South Brunswick, New Jersey",Realtor,Week 2,11,Brad Womack,35,"Austin, Texas"
Mallory Simons,24,"Honolulu, Hawaii",Nanny,Week 2,11,Brad Womack,35,"Austin, Texas"
Erin Gardner,25,"Tampa, Florida",Publishing sales executive,Week 2,11,Brad Womack,35,"Austin, Texas"
Jessica Kiss,27,"Lady Lake, Florida",News anchor,Week 1,11,Brad Womack,35,"Austin, Texas"
Juli Gilliam,24,"Chicago, Illinois",Law student,Week 1,11,Brad Womack,35,"Austin, Texas"
Kim Orville,31,"Woodbridge, Connecticut",Realtor,Week 1,11,Brad Womack,35,"Austin, Texas"
Lori Langley[11],33,"Annapolis, Maryland",Biology teacher,Week 1,11,Brad Womack,35,"Austin, Texas"
Melissa Buschel[12],28,"Westchester, New York",Event planner,Week 1,11,Brad Womack,35,"Austin, Texas"
Morgan Becker,24,"Tempe, Arizona",Graduate student,Week 1,11,Brad Womack,35,"Austin, Texas"
Natalie Velasco,25,"Duncanville, Texas",Law student,Week 1,11,Brad Womack,35,"Austin, Texas"
Regina Doringa,31,"San Diego, California",Account representative,Week 1,11,Brad Womack,35,"Austin, Texas"
Tauni Nessler [11],31,"St. Louis Park, Minnesota",Emergency room nurse,Week 1,11,Brad Womack,35,"Austin, Texas"
Susan Stein,35,"St. Charles, Illinois",Project analyst,Week 1,11,Brad Womack,35,"Austin, Texas"
Shayne Lamas[1],22,"Malibu, California",Actress,Winner,12,Matt Grant,27,"London, England"
Chelsea Wanstrath[1],25,"Durango, Colorado",Pharmaceutical sales rep.,Runner-up,12,Matt Grant,27,"London, England"
Amanda Rantuccio[1],27,"Niceville, Florida",Account Executive,Week 7,12,Matt Grant,27,"London, England"
Noelle Drake[2],26,"Loveland, Colorado",Photographer,Week 6,12,Matt Grant,27,"London, England"
Marshana Ritchie[3],27,"Brooklyn, New York",Fashion designer,Week 5,12,Matt Grant,27,"London, England"
Robin Canfield[3],22,"Holland, Michigan",Advertising coordinator,Week 5,12,Matt Grant,27,"London, England"
Ashlee Williss[4],22,"Jacksonville Beach, Florida",Singer-songwriter,Week 4,12,Matt Grant,27,"London, England"
Kelly Duncan,25,"Hollywood, California",Medical sales rep.,Week 4,12,Matt Grant,27,"London, England"
Holly Durst[5][6],24,"Suffield, Ohio",Children's book author,Week 4,12,Matt Grant,27,"London, England"
Amy,22,"Stockton, California",Nanny,Week 3,12,Matt Grant,27,"London, England"
Erin Storm,33,"Venice, California",Hot-dog vendor,Week 3,12,Matt Grant,27,"London, England"
Kristine Heffelfinger[7],33,"Dillsburg, Pennsylvania",Personal trainer,Week 3,12,Matt Grant,27,"London, England"
Carri Perrier[8][9],25,"Oklahoma City, Oklahoma",Church marketing rep.,Week 2,12,Matt Grant,27,"London, England"
Erin Harper[10][11],25,"Seattle, Washington",Event planner,Week 2,12,Matt Grant,27,"London, England"
Michelle P.,28,"Syracuse, New York",Administrative assistant,Week 2,12,Matt Grant,27,"London, England"
Alyssa,24,"Boise, Idaho",Biology student,Week 1,12,Matt Grant,27,"London, England"
Amanda Petterman[12],26,"LaFollette, Tennessee",Law student,Week 1,12,Matt Grant,27,"London, England"
Denise,30,"Washington, D.C",Attorney and former White House aide,Week 1,12,Matt Grant,27,"London, England"
Devon,24,"Austin, Texas",Makeup artist,Week 1,12,Matt Grant,27,"London, England"
Lesley Geyer[13],23,"Tampa, Florida",Youth minister,Week 1,12,Matt Grant,27,"London, England"
Michele R.,33,"Laguna Niguel, California",Interior designer,Week 1,12,Matt Grant,27,"London, England"
Rebecca,30,"Alamo, California",Attorney,Week 1,12,Matt Grant,27,"London, England"
Stacey Elza[14],26,"Chicago, Illinois",Graduate student,Week 1,12,Matt Grant,27,"London, England"
Tamara,23,"Beverly Hills, California",Cocktail waitress,Week 1,12,Matt Grant,27,"London, England"
Tiffany,33,"San Francisco, California",Real estate marketing rep.,Week 1,12,Matt Grant,27,"London, England"
Melissa Rycroft[1],25,"Dallas, Texas",Sales Representative,Winner,13,Jason Mesnick,33,"Cleveland, Ohio"
Molly Malaney[2],24,"Brookfield, Wisconsin",Department Store Buyer,Runner-up,13,Jason Mesnick,33,"Cleveland, Ohio"
Jillian Harris,29,"Peace River, Alberta",Interior Designer,Week 7,13,Jason Mesnick,33,"Cleveland, Ohio"
Naomi Rose Crespo[3],24,"Carlsbad, California",Flight Attendant,Week 6,13,Jason Mesnick,33,"Cleveland, Ohio"
Stephanie Hogan[4],34,"Huntsville, Alabama",Single Mother & Medical Marketing Rep.,Week 5,13,Jason Mesnick,33,"Cleveland, Ohio"
Lauren Wanger,27,"Marlboro, New Jersey",Teacher,Week 4,13,Jason Mesnick,33,"Cleveland, Ohio"
Megan Parris[5],25,"Sewickley, Pennsylvania",Single Mother and Lacrosse Coach,Week 4,13,Jason Mesnick,33,"Cleveland, Ohio"
Shannon Bair[6],29,"Marshall, Missouri",Dental Hygienist,Week 4,13,Jason Mesnick,33,"Cleveland, Ohio"
"Nicole ""Nikki"" Kaapke[7]",29,"Blue Island, Illinois",Administrative Assistant,Week 4,13,Jason Mesnick,33,"Cleveland, Ohio"
Erica DeSimone,25,"Monroe, Connecticut",Account Executive,Week 3,13,Jason Mesnick,33,"Cleveland, Ohio"
Kari Fajen[8],27,"Lee's Summit, Missouri",Account Executive,Week 3,13,Jason Mesnick,33,"Cleveland, Ohio"
Natalie Getz[9],27,"Morton, Illinois",Human Resources Recruiter,Week 3,13,Jason Mesnick,33,"Cleveland, Ohio"
Raquel Medeiros[10],27,"Recife, Pernambuco, Brazil",Medical Student,Week 2,13,Jason Mesnick,33,"Cleveland, Ohio"
Sharon Staebell[11],32,"Batavia, New York",Teacher,Week 2,13,Jason Mesnick,33,"Cleveland, Ohio"
Lisa Gonzalez[12],28,"Boise, Idaho",Public Relations Associate,Week 2,13,Jason Mesnick,33,"Cleveland, Ohio"
Ann Lueders,24,"Phoenix, Arizona",Flight Attendant,Week 1,13,Jason Mesnick,33,"Cleveland, Ohio"
Dominique Carta,26,"Mt. Carmel, Pennsylvania",Medical Sales Rep.,Week 1,13,Jason Mesnick,33,"Cleveland, Ohio"
Emily,23,"Seattle, Washington",Casino Marketing Rep.,Week 1,13,Jason Mesnick,33,"Cleveland, Ohio"
Jackie Hickey,26,"Springfield, Massachusetts",Wedding Coordinator,Week 1,13,Jason Mesnick,33,"Cleveland, Ohio"
Julie Dermotta,26,"Columbus, Ohio",Teacher,Week 1,13,Jason Mesnick,33,"Cleveland, Ohio"
Nicole Mah,25,"Calgary, Alberta",Menswear Buyer,Week 1,13,Jason Mesnick,33,"Cleveland, Ohio"
Renee Simlak,36,"Southfield, Michigan",Jewelry Designer,Week 1,13,Jason Mesnick,33,"Cleveland, Ohio"
Shelby,23,"Stockton, California",Account Executive,Week 1,13,Jason Mesnick,33,"Cleveland, Ohio"
Stacia Mann,24,"Orem, Utah",Single Mother & Charity Accountant,Week 1,13,Jason Mesnick,33,"Cleveland, Ohio"
Treasure Morgan,28,"Salt Lake City, Utah",Single Mother and Nurse Practitioner,Week 1,13,Jason Mesnick,33,"Cleveland, Ohio"
Vienna Girardi[1][2],23,"Geneva, Florida",Marketing Representative,Winner,14,Jake Pavelka,32,"Dallas, Texas"
Tenley Molzahn[1][3],25,"Newberg, Oregon",College Admissions,Runner-up,14,Jake Pavelka,32,"Dallas, Texas"
Gia Allemand[1][4],26,"New York, New York",Swimsuit Model,Week 7,14,Jake Pavelka,32,"Dallas, Texas"
Ali Fedotowsky[1][4],25,"Williamstown, Massachusetts",Advertising Account Manager,Week 6,14,Jake Pavelka,32,"Dallas, Texas"
Corrie Adamson[1],23,"Kissimmee, Florida",Wardrobe Consultant,Week 5,14,Jake Pavelka,32,"Dallas, Texas"
Ashleigh Hunt[1],25,"North Potomac, Maryland",Account Manager,Week 4,14,Jake Pavelka,32,"Dallas, Texas"
Jessie Sulidis[1],25,"Oakville, Ontario",Cosmetic Sales Manager,Week 4,14,Jake Pavelka,32,"Dallas, Texas"
Kathryn Sherlock[5],25,"Lexington, Kentucky",Corporate Flight Attendant,Week 4,14,Jake Pavelka,32,"Dallas, Texas"
Ella Nolan[1][4],30,"La Follette, Tennessee",Hair Stylist,Week 4,14,Jake Pavelka,32,"Dallas, Texas"
Elizabeth Kitt (NE)[4],29,"Imperial, Nebraska",Nanny,Week 3,14,Jake Pavelka,32,"Dallas, Texas"
Valishia Savage[6],32,"San Bernardino, California",Homemaker,Week 3,14,Jake Pavelka,32,"Dallas, Texas"
Michelle Kujawa[4],26,"Anaheim, California",Office Manager,Week 3,14,Jake Pavelka,32,"Dallas, Texas"
Ashley Elmore[7],29,"Pittsburgh, Pennsylvania",Teacher,Week 2,14,Jake Pavelka,32,"Dallas, Texas"
Christina McCasland[8],25,"San Diego, California",Restaurant Manager,Week 2,14,Jake Pavelka,32,"Dallas, Texas"
Rozlyn Papa[4],28,"Richmond, Virginia",Model/Make-Up Artist,Week 2,14,Jake Pavelka,32,"Dallas, Texas"
Alexa (Lex) McAllister[9],25,"Galloway, Ohio",Entrepreneur,Week 1,14,Jake Pavelka,32,"Dallas, Texas"
Caitlyn McCabe[10],24,"Winfield, Illinois",Spokesmodel,Week 1,14,Jake Pavelka,32,"Dallas, Texas"
Channy Choch[11],29,"Santa Rosa, California",Mortgage Loan Officer,Week 1,14,Jake Pavelka,32,"Dallas, Texas"
Elizabeth Kreft (D.C.)[12],29,"Union, Kentucky","Captain, Air National Guard",Week 1,14,Jake Pavelka,32,"Dallas, Texas"
Emily Harkins[9],23,"West Chester, Ohio",Fitness Model,Week 1,14,Jake Pavelka,32,"Dallas, Texas"
Kimberly Sullivan[13],24,"Norman, Oklahoma",NBA Dancer,Week 1,14,Jake Pavelka,32,"Dallas, Texas"
Kirsten Pittman[14],25,"Aurora, Colorado",Waitress,Week 1,14,Jake Pavelka,32,"Dallas, Texas"
Sheila Marie Lidner[15],25,"Scottsdale, Arizona",Commercial Pilot,Week 1,14,Jake Pavelka,32,"Dallas, Texas"
Stephanie Mueller[13],24,"Morris, Illinois",Dance Teacher,Week 1,14,Jake Pavelka,32,"Dallas, Texas"
Tiana Kruzel[16],31,"Calgary, Alberta",Medical Technician,Week 1,14,Jake Pavelka,32,"Dallas, Texas"
Emily Maynard[5],25,"Morgantown, West Virginia",Children's Hospital Event Planner,Winner,15,Brad Womack,35,"Austin, Texas"
Chantal O'Brien[6],28,"Mercer Island, Washington",Executive Assistant,Runner-up,15,Brad Womack,35,"Austin, Texas"
Ashley Hebert[7],26,"Madawaska, Maine",Dental Student,Week 9,15,Brad Womack,35,"Austin, Texas"
Shawntel Newton[8],25,"Chico, California",Funeral Director,Week 8,15,Brad Womack,35,"Austin, Texas"
Michelle Money,30,"Salt Lake City, Utah",Hair stylist,Week 7,15,Brad Womack,35,"Austin, Texas"
Britt Billmaier[6],25,"Woodinville, Washington",Food writer,Week 7,15,Brad Womack,35,"Austin, Texas"
Jackie Gordon[9],26,"Newport, Rhode Island",Artist,Week 6,15,Brad Womack,35,"Austin, Texas"
Alli Travis[10],24,"Columbus, Ohio",Apparel merchant,Week 6,15,Brad Womack,35,"Austin, Texas"
Lisa Morrisey[11],24,"Ottawa, Kansas",Marketing Coordinator,Week 5,15,Brad Womack,35,"Austin, Texas"
Marissa May[12],26,"Mesa, Arizona",Sports Publicist,Week 5,15,Brad Womack,35,"Austin, Texas"
Ashley Spivey[13],26,"Ellerbe, North Carolina",Nanny,Week 5,15,Brad Womack,35,"Austin, Texas"
Lindsay Hill[14],25,"Plano, Texas",First grade teacher,Week 4,15,Brad Womack,35,"Austin, Texas"
Meghan Merritt,30,"Princeton, New Jersey",Fashion Marketer,Week 4,15,Brad Womack,35,"Austin, Texas"
Stacey Quirpel,26,"Quincy, Massachusetts",Bartender,Week 4,15,Brad Womack,35,"Austin, Texas"
Kimberly Coon[15],27,"Orlando, Florida",Marketing Coordinator,Week 3,15,Brad Womack,35,"Austin, Texas"
Sarah Powell[16],27,"Denver, Colorado",Real Estate Broker,Week 3,15,Brad Womack,35,"Austin, Texas"
Madison Garton[17],25,"Vail, Colorado",Model,Week 3,15,Brad Womack,35,"Austin, Texas"
Keltie Colleen[18],28,"Sherwood Park, Alberta",Radio City Rockette,Week 2,15,Brad Womack,35,"Austin, Texas"
Melissa Schreiber[19],32,"Westport, Connecticut",Waitress,Week 2,15,Brad Womack,35,"Austin, Texas"
Raichel Goodyear[19],29,"Fullerton, California",Manscaper,Week 2,15,Brad Womack,35,"Austin, Texas"
Britnee,25,"Holland, Pennsylvania",Paralegal,Week 1,15,Brad Womack,35,"Austin, Texas"
Cristy Caserta[20],30,"Davie, Florida",Attorney,Week 1,15,Brad Womack,35,"Austin, Texas"
"Jessica ""J"" Adams[6]",26,"Seattle, Washington",Operations Manager,Week 1,15,Brad Womack,35,"Austin, Texas"
Jill Ruskowski[14],28,"Frisco, Texas",Sales director,Week 1,15,Brad Womack,35,"Austin, Texas"
Lacey Garbelman[21],27,"Tampa, Florida",Insurance agent,Week 1,15,Brad Womack,35,"Austin, Texas"
Lauren Moore[22],26,"Culpeper, Virginia",High School Teacher,Week 1,15,Brad Womack,35,"Austin, Texas"
Lisa P.,27,"Dix Hills, New York",Sales Consultant,Week 1,15,Brad Womack,35,"Austin, Texas"
Rebecca,30,"Mission Viejo, California",Esthetician,Week 1,15,Brad Womack,35,"Austin, Texas"
Renee Halpin,28,"Palos Hills, Illinois",Nanny,Week 1,15,Brad Womack,35,"Austin, Texas"
Sarah Ledtke[23],25,"Saginaw, Michigan",Musical Theatre Performer,Week 1,15,Brad Womack,35,"Austin, Texas"
Courtney Robertson[3][4],28,"Scottsdale, Arizona",Model,Winner,16,Ben Flajnik,28,"Sonoma, California"
Lindzi Cox[5],27,"Newcastle, Washington[b]",Business development manager,Runner-up,16,Ben Flajnik,29,"Sonoma, California"
Nicki Sterling[3],26,"Hurst, Texas",Dental hygienist,Week 9,16,Ben Flajnik,29,"Sonoma, California"
Kacie Boguskie[6],24,"Clarksville, Tennessee[c]",Administrative assistant,Week 8,16,Ben Flajnik,29,"Sonoma, California"
Emily O'Brien[7],27,"Chapel Hill, North Carolina",PhD Student,Week 7,16,Ben Flajnik,29,"Sonoma, California"
Rachel Truehart[8],27,"Southampton, Massachusetts",Fashion sales representative,Week 7,16,Ben Flajnik,29,"Sonoma, California"
Jamie Otis[9],25,"Dryden, New York",Registered nurse,Week 6,16,Ben Flajnik,29,"Sonoma, California"
Casey Shteamer[10],26,"Leawood, Kansas",Trading clerk,Week 6,16,Ben Flajnik,29,"Sonoma, California"
Blakeley Jones[7],33,"Rutherfordton, North Carolina",VIP cocktail waitress,Week 6,16,Ben Flajnik,29,"Sonoma, California"
Jennifer Fritsch[10],28,"Cache, Oklahoma",Accountant,Week 5,16,Ben Flajnik,29,"Sonoma, California"
Elyse Myers[10],24,"Chicago, Illinois",Personal trainer,Week 5,16,Ben Flajnik,29,"Sonoma, California"
Monica Spannbauer[11],33,"Yuba, California",Dental consultant,Week 4,16,Ben Flajnik,29,"Sonoma, California"
Samantha Levey[12][13],26,"Pittsburgh, Pennsylvania",Advertising account manager,Week 4,16,Ben Flajnik,29,"Sonoma, California"
Erika Uhlig[14],23,"Charlottesville, Virginia",Law student,Week 3,16,Ben Flajnik,29,"Sonoma, California"
Jaclyn Swartz[15],27,"Newton, Massachusetts",Advertising account manager,Week 3,16,Ben Flajnik,29,"Sonoma, California"
Brittney Schreiner[3],26,"Colorado Springs, Colorado",Medical sales representative,Week 3,16,Ben Flajnik,29,"Sonoma, California"
Jenna Burke[16][17],27,"Loveland, Ohio",Blogger,Week 2,16,Ben Flajnik,29,"Sonoma, California"
Shawn Reynolds[18],28,"Cincinnati, Ohio",Financial advisor,Week 2,16,Ben Flajnik,29,"Sonoma, California"
Amber Bacon[19],23,"Port Coquitlam, British Columbia",Labor and delivery nurse,Week 1,16,Ben Flajnik,29,"Sonoma, California"
Amber Tierney[20][21],28,"Waverly, Nebraska",Critical care nurse,Week 1,16,Ben Flajnik,29,"Sonoma, California"
Anna Snowball[16][22],25,"Detroit, Michigan",Student,Week 1,16,Ben Flajnik,29,"Sonoma, California"
Dianna Martinez[13],30,"San Gabriel, California",Nonprofit director,Week 1,16,Ben Flajnik,29,"Sonoma, California"
Holly Johnson[20],34,"Salyersville, Kentucky",Pharmaceutical sales representative,Week 1,16,Ben Flajnik,29,"Sonoma, California"
Lyndsie James[20],29,"London, England",Internet entrepreneur,Week 1,16,Ben Flajnik,29,"Sonoma, California"
Shira Astrof[13],35,"Massapequa Park, New York",Actress,Week 1,16,Ben Flajnik,29,"Sonoma, California"
Catherine Giudici[11],26,"Seattle, Washington",Graphic Designer,Winner,17,Sean Lowe,28,"McKinney, Texas"
Lindsay Yenter[12],24,"Fort Bragg, North Carolina",Substitute Teacher,Runner-up,17,Sean Lowe,28,"McKinney, Texas"
AshLee Frazier[13],32,"Houston, Texas",Personal Organizer,Week 9,17,Sean Lowe,28,"McKinney, Texas"
Desiree Hartsock[14],26,"Northglenn, Colorado",Bridal Stylist,Week 8,17,Sean Lowe,28,"McKinney, Texas"
Lesley Murphy[15],24,"Fort Smith, Arkansas",Political Consultant,Week 7,17,Sean Lowe,28,"McKinney, Texas"
Tierra LiCausi[16],24,"Las Vegas, Nevada",Leasing Consultant,Week 7,17,Sean Lowe,28,"McKinney, Texas"
Daniella McBride[17],24,"Belmont, California",Commercial Casting Associate,Week 6,17,Sean Lowe,28,"McKinney, Texas"
Selma Alameri[18],29,"Borrego Springs, California",Real Estate Dealer,Week 6,17,Sean Lowe,28,"McKinney, Texas"
Sarah Herron[14][19],26,"Evergreen, Colorado",Advertising Executive,Week 6,17,Sean Lowe,28,"McKinney, Texas"
Robyn Howard[13][20],24,"Topeka, Kansas",Oil Field Account Manager,Week 5,17,Sean Lowe,28,"McKinney, Texas"
Jackie Parr[21],25,"Ormond Beach, Florida",Cosmetics Consultant,Week 5,17,Sean Lowe,28,"McKinney, Texas"
Amanda Meyer[14],26,"Bakersfield, California",Fit Model,Week 4,17,Sean Lowe,28,"McKinney, Texas"
Leslie Hughes[14],28,"Ruskin, Florida",Poker Dealer,Week 4,17,Sean Lowe,28,"McKinney, Texas"
Kristy Kaminski[22],25,"Darien, Wisconsin",Model,Week 3,17,Sean Lowe,28,"McKinney, Texas"
Taryn Renee Daniels[23],30,"Troutdale, Oregon",Health Club Manager,Week 3,17,Sean Lowe,28,"McKinney, Texas"
Kacie Boguskie[24],25,"Clarksville, Tennessee",Administrative Assistant,Week 3,17,Sean Lowe,28,"McKinney, Texas"
Brooke Burchette[25],25,"Pittsburgh, Pennsylvania",Community Organizer,Week 2,17,Sean Lowe,28,"McKinney, Texas"
Diana Weeks Willardson[26],31,"Sandy, Utah",Salon Owner,Week 2,17,Sean Lowe,28,"McKinney, Texas"
Katie Levans[27],27,"Woodstock, Illinois",Yoga Instructor,Week 2,17,Sean Lowe,28,"McKinney, Texas"
Ashley Harper[28],25,"Garner, North Carolina",Fashion Model,Week 1,17,Sean Lowe,28,"McKinney, Texas"
Ashley Palenkas[29],28,"Macomb, Michigan",Hair Stylist,Week 1,17,Sean Lowe,28,"McKinney, Texas"
Kelly Dutton[30],28,"Chattanooga, Tennessee",Cruise Ship Entertainer,Week 1,17,Sean Lowe,28,"McKinney, Texas"
Keriann Miranda[31],29,"Agoura Hills, California",Entrepreneur,Week 1,17,Sean Lowe,28,"McKinney, Texas"
Lacey Latka[14],24,"Stevenson Ranch, California",Graduate Student,Week 1,17,Sean Lowe,28,"McKinney, Texas"
Lauren Marchetti[32],27,"Cranston, Rhode Island",Journalist,Week 1,17,Sean Lowe,28,"McKinney, Texas"
Paige Vigil,25,"Minnetonka, Minnesota",Jumbotron Operator,Week 1,17,Sean Lowe,28,"McKinney, Texas"
Nikki Ferrell[6][7],26,"Kearney, Missouri",Pediatric Nurse,Winner,18,Juan Pablo Galavais,32,"Miami, Florida"
Clare Crawley[8],32,"Sacramento, California",Hairstylist,Runner-up,18,Juan Pablo Galavais,32,"Miami, Florida"
Andi Dorfman[9],26,"Buckhead, Georgia",Assistant District Attorney,Week 9,18,Juan Pablo Galavais,32,"Miami, Florida"
Renee Oteri[10],32,"Martha's Vineyard, Massachusetts[a]",Real Estate Agent,Week 8,18,Juan Pablo Galavais,32,"Miami, Florida"
Chelsie Webster[11],24,"Lexington, Ohio",Science Educator,Week 7,18,Juan Pablo Galavais,32,"Miami, Florida"
Sharleen Joynt[12][13],29,"Ottawa, Ontario",Opera Singer,Week 7,18,Juan Pablo Galavais,32,"Miami, Florida"
Kat Hurd[14],29,"Iowa City, Iowa",Medical Sales Representative/NBA Dancer,Week 6,18,Juan Pablo Galavais,32,"Miami, Florida"
Cassandra Ferguson[15],22[1],"Shelby Charter Township, Michigan",Former NBA Dancer,Week 6,18,Juan Pablo Galavais,32,"Miami, Florida"
Alli Restko[13],26,"Orland Park, Illinois",Nanny,Week 5,18,Juan Pablo Galavais,32,"Miami, Florida"
Danielle Ronco[16],25,"Litchfield, Illinois",Psychiatric Nurse,Week 5,18,Juan Pablo Galavais,32,"Miami, Florida"
Kelly Travis[9][13],27,"Conyers, Georgia",Dog Lover,Week 5,18,Juan Pablo Galavais,32,"Miami, Florida"
Elise Mosca[17],27,"Forty Fort, Pennsylvania",First Grade Teacher,Week 4,18,Juan Pablo Galavais,32,"Miami, Florida"
Lauren Solomon[18],26,"Austin, Texas",Music Composer,Week 4,18,Juan Pablo Galavais,32,"Miami, Florida"
Christy Hansen[19],24,"Aurora, Illinois",Marketing Manager,Week 3,18,Juan Pablo Galavais,32,"Miami, Florida"
"Lucinda ""Lucy"" Aragon[13]",25[2],"Santa Barbara, California",Free Spirit,Week 3,18,Juan Pablo Galavais,32,"Miami, Florida"
Amy Long[20],27,"Clermont, Florida",Local News Reporter,Week 2,18,Juan Pablo Galavais,32,"Miami, Florida"
Chantel Forrest[21],27,"Miami, Florida",Account Manager,Week 2,18,Juan Pablo Galavais,32,"Miami, Florida"
Victoria Lima[13],24,"Porto Alegre, Brazil",Legal Assistant,Week 2,18,Juan Pablo Galavais,32,"Miami, Florida"
Alexis Morgado[13][22],24,"Tampa, Florida",Communications Director/NHL Ice Girl,Week 1,18,Juan Pablo Galavais,32,"Miami, Florida"
Amy Jokinen[13],31,"Apopka, Florida",Massage Therapist,Week 1,18,Juan Pablo Galavais,32,"Miami, Florida"
Ashley Poe[13],25,"Roanoke, Texas",Grade School Teacher,Week 1,18,Juan Pablo Galavais,32,"Miami, Florida"
Christine Llano[13][23],23,"Miami, Florida",Police Support Specialist,Week 1,18,Juan Pablo Galavais,32,"Miami, Florida"
Kylie Lewis[13][24],23,"Rockford, Illinois",Interior Designer,Week 1,18,Juan Pablo Galavais,32,"Miami, Florida"
Lacy Faddoul[13][21],25,"Antelope Acres, California",Nursing Home Owner,Week 1,18,Juan Pablo Galavais,32,"Miami, Florida"
Lauren Higginson[13],25,"Edmond, Oklahoma",Mineral Coordinator,Week 1,18,Juan Pablo Galavais,32,"Miami, Florida"
Maggie Gantt[13][25],25,"Wagener, South Carolina",Personal Banker,Week 1,18,Juan Pablo Galavais,32,"Miami, Florida"
Valerie Eredia[13][26],26,"Sutter, California",Personal Trainer,Week 1,18,Juan Pablo Galavais,32,"Miami, Florida"
Whitney Bischoff[5][6][7],29,"Louisville, Kentucky[a]",Fertility Nurse,Winner,19,Chris Soules,33,"Arlington, Iowa"
Becca Tilley[10][11],25,"Shreveport, Louisiana[b]",Chiropractic Assistant,Runner-up,19,Chris Soules,33,"Arlington, Iowa"
Kaitlyn Bristowe[12],29,"Leduc, Alberta[c]",Dance Instructor,Week 9,19,Chris Soules,33,"Arlington, Iowa"
Jade Roper[6][15][16],28,"Gering, Nebraska[d]",Cosmetics Developer,Week 8,19,Chris Soules,33,"Arlington, Iowa"
Carly Waddell[18],29,"Arlington, Texas",Cruise Ship Singer,Week 7,19,Chris Soules,33,"Arlington, Iowa"
Britt Nilsson[6][15],27,"Wolcott Mills, Michigan",Waitress,Week 7,19,Chris Soules,33,"Arlington, Iowa"
Megan Bell[5],24,"Nashville, Tennessee",Make-Up Artist,Week 6,19,Chris Soules,33,"Arlington, Iowa"
Kelsey Poe[6][20],28,"Hudsonville, Michigan[e]",Guidance Counselor,Week 6,19,Chris Soules,33,"Arlington, Iowa"
Ashley Iaconetti[6][22],26,"Great Falls, Virginia[f]",Nanny/Freelance Journalist,Week 6,19,Chris Soules,33,"Arlington, Iowa"
Mackenzie Deonigi[5],21,"Maple Valley, Washington",Dental Assistant,Week 5,19,Chris Soules,33,"Arlington, Iowa"
Samantha Steffen[15][24],27,"Indianapolis, Indiana[g]",Fashion Designer,Week 5,19,Chris Soules,33,"Arlington, Iowa"
Ashley Salter[25],24,"Vinings, Georgia",Hair Stylist,Week 4,19,Chris Soules,33,"Arlington, Iowa"
Juelia Kinney[5][27],30,"Beaverton, Oregon",Esthetician,Week 4,19,Chris Soules,33,"Arlington, Iowa"
Nikki Delventhal[22],26,"Hasbrouck Heights, New Jersey",Former NFL Cheerleader,Week 4,19,Chris Soules,33,"Arlington, Iowa"
Jillian Anderson[28][29],25,"Howland, Ohio[h]",News Producer,Week 4,19,Chris Soules,33,"Arlington, Iowa"
Amber James[5][30],29,"Kankakee, Illinois[i]",Bartender,Week 3,19,Chris Soules,33,"Arlington, Iowa"
Tracy Darakis[32],29,"Wellington, Florida",Fourth Grade Teacher,Week 3,19,Chris Soules,33,"Arlington, Iowa"
Trina Scherenberg[15][33],33,"Algonquin, Illinois[j]",Special Education Teacher,Week 3,19,Chris Soules,33,"Arlington, Iowa"
Alissa Giambrone[22],24,"Hamilton, New Jersey",Flight Attendant,Week 2,19,Chris Soules,33,"Arlington, Iowa"
Jordan Branch[35],24,"Windsor, Colorado",Student,Week 2,19,Chris Soules,33,"Arlington, Iowa"
Kimberly Sherbach[36],28,"Wantagh, New York[36]",Yoga Instructor,Week 2,19,Chris Soules,33,"Arlington, Iowa"
Tandra Steiner[5],30,"Sandy, Utah",Executive Assistant,Week 2,19,Chris Soules,33,"Arlington, Iowa"
Tara Eddings[5][38],26,"Fort Lauderdale, Florida",Sport Fishing Enthusiast,Week 2,19,Chris Soules,33,"Arlington, Iowa"
Amanda Goerlitz[33],24,"Lake in the Hills, Illinois",Ballet Teacher,Week 1,19,Chris Soules,33,"Arlington, Iowa"
Bo Stanley[39],25,"Carpinteria, California",Plus-Size Model,Week 1,19,Chris Soules,33,"Arlington, Iowa"
Brittany Fetkin[40],26,"Temecula, California",WWE Diva-in-Training,Week 1,19,Chris Soules,33,"Arlington, Iowa"
Kara Wilson[41],25,"Brownsville, Kentucky",High School Soccer Coach,Week 1,19,Chris Soules,33,"Arlington, Iowa"
Michelle Davis[5],25,"Provo, Utah",Wedding Cake Baker,Week 1,19,Chris Soules,33,"Arlington, Iowa"
Nicole Meacham[42][43],31,"Scottsdale, Arizona",Real Estate Agent,Week 1,19,Chris Soules,33,"Arlington, Iowa"
Reegan Cornwell[15],28,"Manhattan Beach, California",Cadaver Tissue Saleswoman,Week 1,19,Chris Soules,33,"Arlington, Iowa"